ngram_id,ngram,lemmas,freq,probability
0,NMOD:executive-JJ COORD:box-NNS ROOT:.-SENT,executive boxes .,1,NA
1,ROOT:the-DT ROOT:Observer-NP,the Observer,1,NA
2,NMOD:executive-NN PMOD:box-NNS NMOD:Manchester-NP,executive boxes Manchester,1,NA
3,NMOD:executive-JJ PMOD:box-NNS PMOD:away-RB,executive boxes away,1,NA
4,CC:and-CC VMOD:n't-RB,and n't,2,NA
5,CC:and-CC ROOT:will-MD,and will,1,NA
6,NMOD:executive-JJ PMOD:box-NNS NMOD:Premiership-NP,executive boxes Premiership,1,NA
7,"NMOD:executive-JJ NMOD:box-NNS P:,-,","executive boxes ,",1,NA
8,CC:and-CC ROOT:be-VBZ,and be,4,NA
9,CC:and-CC VC:see-VV,and see,1,NA
10,NMOD:the-DT SBJ:necessity-NN,the necessity,1,NA
11,NMOD:the-DT NMOD:quotation-NN,the quotation,1,NA
12,NMOD:the-DT SBJ:volume-NN,the volume,2,NA
13,DEP:the-DT ROOT:RMA-NP,the RMA,1,NA
14,NMOD:the-DT SBJ:singer-NN,the singer,1,NA
15,VMOD:the-DT SBJ:Super-NP,the Super,1,NA
16,OBJ:dog-NN NMOD:shit-VVG,dog shit,1,NA
17,CC:and-CC NMOD:domestic-JJ,and domestic,1,NA
18,NMOD:no-DT SBJ:one-NN,no one,4,NA
19,DEP:and-CC ROOT:Frenchman-NN,and Frenchman,1,NA
20,NMOD:the-DT SBJ:name-NN,the name,1,NA
21,NMOD:the-DT NMOD:follow-VVG,the follow,2,NA
22,NMOD:the-DT ROOT:@card@-CD,the @card@,1,NA
23,NMOD:the-DT SBJ:change-NN,the change,1,NA
24,ROOT:the-DT ROOT:Green-NP,the Green,2,NA
25,"NMOD:executive-JJ OBJ:box-NNS P:,-,","executive boxes ,",1,NA
26,NMOD:the-DT SBJ:singing-NN,the singing,1,NA
27,CC:and-CC NMOD:new-JJ,and new,1,NA
28,NMOD:the-DT SBJ:game-NN,the game,1,NA
29,NMOD:executive-JJ PMOD:box-NNS P:.-SENT,executive boxes .,1,NA
30,NMOD:the-DT NMOD:morale-boosting-NN,the morale-boosting,1,NA
31,NMOD:the-DT ROOT:club-NN,the club,1,NA
32,NMOD:the-DT ADV:organiser-NNS,the organiser,1,NA
33,NMOD:the-DT NMOD:UK-NP,the UK,2,NA
34,NMOD:the-DT ROOT:ďż˝nokia-NN,the ďż˝nokia,2,NA
35,NMOD:the-DT NMOD:two-CD,the two,5,NA
36,NMOD:the-DT SBJ:headliner-NN,the headliner,1,NA
37,NMOD:the-DT SBJ:band-NN,the band,3,NA
38,NMOD:the-DT NMOD:Bolddog-NP,the Bolddog,1,NA
39,NMOD:the-DT SBJ:use-NN,the use,2,NA
40,NMOD:the-DT NMOD:combined-JJ,the combined,1,NA
41,NMOD:the-DT NMOD:bad-JJS,the bad,1,NA
42,NMOD:the-DT SBJ:liking-NN,the liking,1,NA
43,NMOD:the-DT SBJ:systematic-JJ,the systematic,1,NA
44,VMOD:the-DT SBJ:Park-NP,the Park,1,NA
45,NMOD:the-DT SBJ:information-NN,the information,3,NA
46,NMOD:the-DT NMOD:usual-JJ,the usual,1,NA
47,NMOD:the-DT SBJ:application-NN,the application,2,NA
48,NMOD:the-DT SBJ:query-NN,the query,1,NA
49,NMOD:the-DT NMOD:initial-JJ,the initial,1,NA
50,NMOD:the-DT SBJ:source-NN,the source,1,NA
51,NMOD:the-DT SBJ:nameserver-NN,the nameserver,1,NA
52,CC:and-CC ADV:almost-RB,and almost,1,NA
53,NMOD:the-DT NMOD:Linux-NP,the Linux,1,NA
54,NMOD:the-DT SBJ:title-NNS,the title,1,NA
55,NMOD:no-DT SBJ:part-NN,no part,1,NA
56,NMOD:the-DT SBJ:fee-NNS,the fee,1,NA
57,NMOD:the-DT NMOD:precise-JJ,the precise,1,NA
58,NMOD:the-DT SBJ:fact-NN,the fact,1,NA
59,DEP:the-DT DEP:Red-NP,the Red,1,NA
60,P:the-DT DEP:Green-NP,the Green,2,NA
61,NMOD:the-DT ROOT:majority-NN,the majority,2,NA
62,NMOD:the-DT NMOD:actual-JJ,the actual,2,NA
63,NMOD:the-DT NMOD:potential-JJ,the potential,1,NA
64,NMOD:the-DT NMOD:subsequent-JJ,the subsequent,1,NA
65,DEP:the-DT VMOD:Sparrows-NP,the Sparrows,1,NA
66,NMOD:the-DT SBJ:regatta-NN,the regatta,1,NA
67,ROOT:and-CC SBJ:Cold-NP,and Cold,1,NA
68,NMOD:the-DT NMOD:main-JJ,the main,5,NA
69,"CC:and-CC P:,-,","and ,",3,NA
70,NMOD:the-DT NMOD:Vesta-NP,the Vesta,1,NA
71,NMOD:the-DT NMOD:8's-JJ,the 8's,1,NA
72,NMOD:the-DT SBJ:club-NNS,the club,1,NA
73,CC:and-CC P:(-(,and (,1,NA
74,CC:and-CC PMOD:middle-NN,and middle,1,NA
75,SBJ:the-DT ADV:Environment-NP,the Environment,1,NA
76,NMOD:the-DT NMOD:last-JJ,the last,3,NA
77,NMOD:the-DT SBJ:race-NN,the race,1,NA
78,NMOD:the-DT SBJ:event-NN,the event,2,NA
79,CC:and-CC NMOD:attach-VVN,and attach,1,NA
80,NMOD:the-DT SBJ:slug-NN,the slug,2,NA
81,NMOD:the-DT SBJ:website-NN,the website,1,NA
82,NMOD:the-DT SBJ:6-CD,the 6,1,NA
83,NMOD:the-DT SBJ:rest-NN,the rest,1,NA
84,NMOD:the-DT NMOD:event-NN,the event,1,NA
85,NMOD:the-DT SBJ:venue-NN,the venue,1,NA
86,NMOD:no-DT NMOD:copyright-NN,no copyright,1,NA
87,NMOD:the-DT SBJ:content-NNS,the content,1,NA
88,NMOD:the-DT NMOD:lifting-NN,the lifting,1,NA
89,NMOD:the-DT SBJ:controller-NN,the controller,5,NA
90,NMOD:the-DT SBJ:man-NNS,the man,2,NA
91,NMOD:the-DT NMOD:rocket-NNS,the rocket,1,NA
92,VMOD:the-DT SBJ:Hood-NP,the Hood,4,NA
93,VMOD:the-DT SBJ:Zero-X-NP,the Zero-X,1,NA
94,NMOD:the-DT NMOD:Zero-X-NP,the Zero-X,1,NA
95,NMOD:the-DT NMOD:three-CD,the three,2,NA
96,NMOD:the-DT NMOD:next-JJ,the next,3,NA
97,NMOD:the-DT PMOD:helicopter-NN,the helicopter,1,NA
98,NMOD:the-DT SBJ:vehicle-NN,the vehicle,2,NA
99,NMOD:the-DT SBJ:scientist-NNS,the scientist,1,NA
100,NMOD:the-DT SBJ:formation-NN,the formation,1,NA
101,NMOD:the-DT NMOD:astronaut-NNS,the astronaut,1,NA
102,NMOD:the-DT NMOD:retro-NNS,the retro,1,NA
103,NMOD:the-DT NMOD:lift-VVG,the lift,1,NA
104,NMOD:the-DT SBJ:cable-NN,the cable,5,NA
105,NMOD:the-DT NMOD:first-JJ,the first,9,NA
106,NMOD:the-DT ROOT:sequence-NNS,the sequence,1,NA
107,ROOT:and-CC ROOT:Mysterons-NP,and Mysterons,1,NA
108,VMOD:the-DT SBJ:5Ss-NP,the 5Ss,1,NA
109,ROOT:the-DT ROOT:5S-NP,the 5S,1,NA
110,NMOD:the-DT NMOD:5s-JJ,the 5s,1,NA
111,NMOD:the-DT PRD:5s-NN,the 5s,1,NA
112,NMOD:the-DT NMOD:full-JJ,the full,1,NA
113,NMOD:the-DT SBJ:city-NN,the city,2,NA
114,NMOD:the-DT NMOD:@card@-CD,the @card@,4,NA
115,NMOD:the-DT NMOD:city-NN,the city,1,NA
116,NMOD:the-DT NMOD:Leicester-NP,the Leicester,1,NA
117,NMOD:the-DT SBJ:settlement-NN,the settlement,1,NA
118,CC:and-CC ROOT:admit-VVD,and admit,1,NA
119,NMOD:the-DT PMOD:Scientist-NP,the Scientist,1,NA
120,ROOT:the-DT ROOT:Scientist-NP,the Scientist,2,NA
121,CC:and-CC NMOD:Cancer-NP,and Cancer,1,NA
122,NMOD:the-DT SBJ:book-NN,the book,8,NA
123,VMOD:the-DT SBJ:MHF-NP,the MHF,1,NA
124,NMOD:the-DT SBJ:manual-JJ,the manual,2,NA
125,CC:and-CC ADV:GRATINGS-NP,and GRATINGS,1,NA
126,NMOD:the-DT SBJ:slit-NNS,the slit,1,NA
127,NMOD:the-DT NMOD:Andy-NP,the Andy,1,NA
128,NMOD:the-DT NMOD:Claude-NP,the Claude,1,NA
129,NMOD:the-DT PMOD:museum-NN,the museum,1,NA
130,NMOD:the-DT NMOD:early-JJ,the early,1,NA
131,NMOD:the-DT NMOD:slaughtered-JJ,the slaughtered,1,NA
132,NMOD:the-DT NMOD:Vincent-NP,the Vincent,1,NA
133,DEP:the-DT ROOT:Warhol-NP,the Warhol,1,NA
134,"ROOT:the-DT ROOT:""-``","the """,1,NA
135,NMOD:the-DT NMOD:late-JJS,the late,4,NA
136,NMOD:the-DT SBJ:circumstance-NN,the circumstance,1,NA
137,NMOD:the-DT SBJ:system-NN,the system,1,NA
138,NMOD:the-DT NMOD:driver-NN,the driver,1,NA
139,NMOD:the-DT NMOD:statement-NNS,the statement,1,NA
140,NMOD:the-DT SBJ:joy-NN,the joy,1,NA
141,DEP:the-DT ROOT:Long-NP,the Long,1,NA
142,NMOD:the-DT NMOD:basic-JJ,the basic,1,NA
143,NMOD:the-DT NMOD:uniform-JJ,the uniform,1,NA
144,CC:and-CC NMOD:CRAFTWORK-NP,and CRAFTWORK,1,NA
145,VMOD:the-DT SBJ:DfES-NP,the DfES,1,NA
146,NMOD:the-DT SBJ:project-NN,the project,1,NA
147,NMOD:the-DT SBJ:theme-NN,the theme,1,NA
148,COORD:animal-NNS P:.-SENT,animal .,1,NA
149,NMOD:the-DT SBJ:value-NN,the value,2,NA
150,NMOD:the-DT SBJ:concept-NN,the concept,1,NA
151,CC:and-CC NMOD:numerology-NN,and numerology,1,NA
152,NMOD:the-DT NMOD:processing-NN,the processing,1,NA
153,SBJ:People-NP NMOD:'s-POS,People 's,1,NA
154,SBJ:the-DT ADV:European-NP,the European,1,NA
155,NMOD:the-DT NMOD:European-JJ,the European,2,NA
156,NMOD:the-DT OBJ:development-NN,the development,1,NA
157,NMOD:the-DT SBJ:issue-NNS,the issue,2,NA
158,VMOD:the-DT SBJ:Parliament-NP,the Parliament,1,NA
159,NMOD:the-DT ADV:importance-NN,the importance,1,NA
160,SBJ:the-DT ADV:Eu-NP,the Eu,1,NA
161,NMOD:the-DT NMOD:voluntary-JJ,the voluntary,1,NA
162,NMOD:the-DT ADV:incineration-NN,the incineration,1,NA
163,NMOD:the-DT NMOD:optimum-JJ,the optimum,2,NA
164,NMOD:no-DT NMOD:matter-NN,no matter,1,NA
165,NMOD:the-DT NMOD:precautionary-JJ,the precautionary,1,NA
166,NMOD:the-DT ROOT:implementation-NN,the implementation,1,NA
167,NMOD:the-DT NMOD:successful-JJ,the successful,1,NA
168,VMOD:the-DT SBJ:Commission-NP,the Commission,7,NA
169,NMOD:the-DT NMOD:Commission-NP,the Commission,1,NA
170,NMOD:the-DT NMOD:PVC-NP,the PVC,1,NA
171,PMOD:animal-NNS ROOT:welcome-VVZ,animal welcome,1,NA
172,NMOD:animal-NN OBJ:fur-NN,animal fur,1,NA
173,"PMOD:animal-NNS P:,-,","animal ,",1,NA
174,PMOD:animal-NNS VC:implement-VVN,animal implement,1,NA
175,PMOD:animal-NNS PRD:first-RB,animal first,1,NA
176,PMOD:animal-NNS P:.-SENT,animal .,1,NA
177,NMOD:animal-NNS PMOD:campaign-NNS,animal campaign,1,NA
178,PMOD:animal-NNS PMOD:fur-NN,animal fur,1,NA
179,PMOD:animal-NNS SBJ:fur-NN,animal fur,1,NA
180,PMOD:animal-NNS OBJ:would-MD,animal would,1,NA
181,PMOD:animal-NNS VC:persecute-VVN,animal persecute,1,NA
182,NMOD:the-DT SBJ:binding-NNS,the binding,1,NA
183,NMOD:the-DT SBJ:pack-NN,the pack,1,NA
184,NMOD:no-DT NMOD:previous-JJ,no previous,1,NA
185,NMOD:the-DT SBJ:vessel-NN,the vessel,1,NA
186,NMOD:the-DT NMOD:Alum-NP,the Alum,1,NA
187,PMOD:animal-NNS COORD:bird-NNS,animal bird,1,NA
188,NMOD:the-DT SBJ:animal-NNS,the animal,1,NA
189,SBJ:animal-NNS ROOT:enjoy-VVD,animal enjoy,1,NA
190,NMOD:animal-NN COORD:poultry-NN,animal poultry,1,NA
191,NMOD:the-DT SBJ:lack-NN,the lack,1,NA
192,DEP:the-DT ROOT:Common-NP,the Common,1,NA
193,NMOD:the-DT SBJ:price-NN,the price,1,NA
194,NMOD:the-DT NMOD:good-JJS,the good,6,NA
195,NMOD:the-DT NMOD:training-NN,the training,2,NA
196,ROOT:the-DT VMOD:Disease-NP,the Disease,1,NA
197,NMOD:the-DT PRN:responsibility-NNS,the responsibility,1,NA
198,NMOD:the-DT PMOD:Simsâ˘-NP,the Simsâ˘,1,NA
199,NMOD:the-DT AMOD:Godfatherâ˘-NP,the Godfatherâ˘,1,NA
200,NMOD:the-DT NMOD:Sims-NP,the Sims,1,NA
201,VMOD:the-DT SBJ:Godfather-NP,the Godfather,1,NA
202,NMOD:the-DT SBJ:jaw-NN,the jaw,3,NA
203,VMOD:the-DT SBJ:Tools-NP,the Tools,1,NA
204,NMOD:the-DT SBJ:note-NN,the note,2,NA
205,NMOD:the-DT SBJ:framework-NN,the framework,3,NA
206,NMOD:the-DT NMOD:chemical-NN,the chemical,1,NA
207,NMOD:the-DT NMOD:late-JJ,the late,1,NA
208,NMOD:the-DT SBJ:year-NN,the year,1,NA
209,NMOD:no-DT NMOD:financial-JJ,no financial,1,NA
210,NMOD:the-DT NMOD:tourist-NN,the tourist,1,NA
211,DEP:and-CC PRD:many-JJ,and many,1,NA
212,NMOD:the-DT NMOD:north-western-JJ,the north-western,1,NA
213,NMOD:the-DT NMOD:south-JJ,the south,1,NA
214,NMOD:the-DT NMOD:Backpackers-NP,the Backpackers,1,NA
215,ADV:the-DT ROOT:Rhythm-NP,the Rhythm,1,NA
216,NMOD:the-DT NMOD:RHYTHM-NP,the RHYTHM,1,NA
217,NMOD:the-DT NMOD:third-JJ,the third,2,NA
218,P:the-DT DEP:Wailing-NP,the Wailing,1,NA
219,NMOD:the-DT SBJ:album-NN,the album,2,NA
220,ROOT:the-DT ROOT:Rockers-NP,the Rockers,1,NA
221,NMOD:the-DT SBJ:method-NN,the method,1,NA
222,NMOD:the-DT SBJ:method-NNS,the method,2,NA
223,NMOD:the-DT SBJ:installation-NN,the installation,3,NA
224,NMOD:the-DT SBJ:type-NN,the type,1,NA
225,NMOD:the-DT NMOD:ribbon-NN,the ribbon,2,NA
226,NMOD:the-DT NMOD:red-JJ,the red,2,NA
227,NMOD:the-DT SBJ:image-NN,the image,3,NA
228,NMOD:the-DT ROOT:60cm-NN,the 60cm,1,NA
229,NMOD:the-DT SBJ:screw-NNS,the screw,1,NA
230,NMOD:the-DT NMOD:new-JJ,the new,4,NA
231,NMOD:the-DT NMOD:method-NN,the method,1,NA
232,NMOD:the-DT NMOD:additional-JJ,the additional,1,NA
233,NMOD:the-DT NMOD:configuration-NN,the configuration,1,NA
234,DEP:the-DT DEP:Master-NP,the Master,1,NA
235,NMOD:the-DT NMOD:Cap-NP,the Cap,1,NA
236,NMOD:the-DT NMOD:master-NN,the master,1,NA
237,NMOD:the-DT NMOD:boot-NN,the boot,3,NA
238,SBJ:the-DT ROOT:diagram-VVZ,the diagram,1,NA
239,NMOD:the-DT NMOD:power-NN,the power,2,NA
240,NMOD:the-DT SBJ:ridge-NNS,the ridge,1,NA
241,NMOD:the-DT NMOD:middle-JJ,the middle,1,NA
242,NMOD:the-DT SBJ:side-NN,the side,3,NA
243,NMOD:the-DT ROOT:figure-NN,the figure,1,NA
244,NMOD:the-DT NMOD:early-JJR,the early,1,NA
245,CC:and-CC PRD:page-NNS,and page,1,NA
246,NMOD:the-DT NMOD:connection-NN,the connection,1,NA
247,NMOD:the-DT SBJ:drive-NN,the drive,1,NA
248,NMOD:the-DT SBJ:mode-NNS,the mode,1,NA
249,NMOD:the-DT ROOT:use-NN,the use,1,NA
250,NMOD:the-DT SBJ:level-NNS,the level,1,NA
251,DEP:and-CC VMOD:since-IN,and since,1,NA
252,VMOD:the-DT SBJ:FDD-NP,the FDD,1,NA
253,NMOD:the-DT SBJ:end-NN,the end,1,NA
254,VMOD:the-DT SBJ:PSU-NP,the PSU,1,NA
255,ROOT:and-CC NMOD:sound-VVZ,and sound,1,NA
256,NMOD:the-DT NMOD:call-NN,the call,1,NA
257,NMOD:no-DT NMOD:news-NN,no news,1,NA
258,NMOD:the-DT SBJ:monitor-NNS,the monitor,1,NA
259,NMOD:the-DT NMOD:Apprentice-NP,the Apprentice,1,NA
260,DEP:the-DT SBJ:Apprentice-NP,the Apprentice,1,NA
261,VMOD:the-DT SBJ:Guardian-NP,the Guardian,1,NA
262,VMOD:the-DT SBJ:Angels-NPS,the Angels,1,NA
263,NMOD:the-DT NMOD:title-NN,the title,1,NA
264,NMOD:the-DT SBJ:simplicity-NN,the simplicity,1,NA
265,NMOD:the-DT NMOD:gentle-JJ,the gentle,1,NA
266,VMOD:the-DT SBJ:Act-NP,the Act,1,NA
267,NMOD:no-DT NMOD:more-JJR,no more,1,NA
268,AMOD:no-RB VMOD:more-JJR,no more,1,NA
269,NMOD:the-DT NMOD:bluesy-NN,the bluesy,1,NA
270,NMOD:the-DT NMOD:final-JJ,the final,1,NA
271,NMOD:the-DT SBJ:song-NN,the song,1,NA
272,CC:and-CC ROOT:remember-VV,and remember,1,NA
273,CC:and-CC VC:get-VV,and get,2,NA
274,VMOD:the-DT SBJ:Club-NP,the Club,1,NA
275,DEP:the-DT ROOT:Croquet-NP,the Croquet,1,NA
276,NMOD:the-DT SBJ:follow-VVG,the follow,3,NA
277,NMOD:the-DT SBJ:station-NN,the station,2,NA
278,ROOT:no-RB P:.-SENT,no .,1,NA
279,NMOD:the-DT NMOD:man-NNS,the man,1,NA
280,NMOD:the-DT OBJ:way-NN,the way,1,NA
281,NMOD:the-DT SBJ:heart-NN,the heart,1,NA
282,NMOD:the-DT SBJ:force-NNS,the force,1,NA
283,NMOD:the-DT NMOD:great-JJS,the great,1,NA
284,NMOD:the-DT SBJ:threat-NN,the threat,1,NA
285,NMOD:the-DT ROOT:policy-NNS,the policy,1,NA
286,NMOD:the-DT SBJ:government-NN,the government,2,NA
287,VMOD:the-DT SBJ:UK-NP,the UK,2,NA
288,ROOT:the-DT ROOT:Funeralcare-NP,the Funeralcare,1,NA
289,DEP:the-DT P:UNMUTUAL-NP,the UNMUTUAL,1,NA
290,CC:and-CC SBJ:director-NN,and director,1,NA
291,NMOD:the-DT NMOD:jukebox-NN,the jukebox,1,NA
292,NMOD:the-DT NMOD:railway-NN,the railway,1,NA
293,NMOD:the-DT SBJ:safety-NN,the safety,1,NA
294,NMOD:the-DT NMOD:side-NN,the side,1,NA
295,NMOD:the-DT NMOD:herbal-JJ,the herbal,1,NA
296,NMOD:the-DT SBJ:srip-NN,the srip,1,NA
297,DEP:the-DT ROOT:Internet-NP,the Internet,1,NA
298,NMOD:the-DT NMOD:monthly-JJ,the monthly,1,NA
299,P:the-DT DEP:Editor-NP,the Editor,1,NA
300,P:the-DT DEP:WHEELWRIGHTS-NP,the WHEELWRIGHTS,1,NA
301,SBJ:church-NP ADV:College-NP,church College,1,NA
302,NMOD:the-DT NMOD:Claremont-NP,the Claremont,1,NA
303,ROOT:the-DT VMOD:Claremont-NP,the Claremont,1,NA
304,CC:and-CC P:.-SENT,and .,1,NA
305,NMOD:the-DT SBJ:site-NN,the site,2,NA
306,NMOD:the-DT SBJ:feature-NN,the feature,1,NA
307,VMOD:the-DT VMOD:Poetry-NP,the Poetry,1,NA
308,NMOD:the-DT NMOD:winning-JJ,the winning,1,NA
309,NMOD:the-DT PMOD:Rialto-NP,the Rialto,1,NA
310,NMOD:the-DT NMOD:entry-NN,the entry,1,NA
311,NMOD:the-DT NMOD:Strike-NP,the Strike,2,NA
312,NMOD:the-DT SBJ:team-NN,the team,2,NA
313,NMOD:the-DT NMOD:figure-NNS,the figure,1,NA
314,NMOD:the-DT SBJ:provision-NN,the provision,1,NA
315,VMOD:the-DT SBJ:Goldfinch-NP,the Goldfinch,1,NA
316,NMOD:the-DT SBJ:species-NN,the species,1,NA
317,NMOD:the-DT SBJ:bird-NNS,the bird,1,NA
318,P:the-DT DEP:Nunnery-NP,the Nunnery,1,NA
319,NMOD:the-DT NMOD:entire-JJ,the entire,2,NA
320,NMOD:the-DT SBJ:scheme-NN,the scheme,1,NA
321,NMOD:the-DT SBJ:aim-NN,the aim,1,NA
322,NMOD:the-DT NMOD:public-JJ,the public,1,NA
323,NMOD:the-DT NMOD:valley-NN,the valley,1,NA
324,NMOD:the-DT ROOT:worldâs-NN,the worldâs,1,NA
325,NMOD:the-DT NMOD:research-NN,the research,2,NA
326,NMOD:the-DT NMOD:result-VVG,the result,1,NA
327,NMOD:the-DT SBJ:company-NN,the company,1,NA
328,NMOD:the-DT ROOT:community-NN,the community,1,NA
329,NMOD:the-DT SBJ:community-NN,the community,1,NA
330,NMOD:the-DT NMOD:community-NN,the community,1,NA
331,NMOD:animal-JJ PMOD:disease-NNS,animal disease,1,NA
332,NMOD:the-DT SBJ:plan-NN,the plan,2,NA
333,NMOD:the-DT NMOD:contingency-NN,the contingency,1,NA
334,NMOD:animal-NN PMOD:disease-NNS,animal disease,1,NA
335,NMOD:the-DT NMOD:Welsh-JJ,the Welsh,1,NA
336,NMOD:the-DT SBJ:latter-NN,the latter,1,NA
337,NMOD:the-DT PMOD:Famine-NP,the Famine,1,NA
338,NMOD:the-DT ROOT:work-NN,the work,1,NA
339,NMOD:the-DT SBJ:majority-NN,the majority,2,NA
340,NMOD:the-DT SBJ:survey-NN,the survey,1,NA
341,NMOD:the-DT NMOD:FRS-NP,the FRS,1,NA
342,NMOD:the-DT NMOD:vulnerable-JJ,the vulnerable,1,NA
343,VMOD:the-DT SBJ:NCFSC-NP,the NCFSC,1,NA
344,ROOT:the-DT ROOT:Philharmonic-NP,the Philharmonic,1,NA
345,CC:and-CC SBJ:series-NN,and series,1,NA
346,DEP:the-DT ROOT:Mersey-NP,the Mersey,1,NA
347,NMOD:the-DT SBJ:text-NN,the text,1,NA
348,CC:and-CC SBJ:cost-NNS,and cost,1,NA
349,NMOD:dog-NN NMOD:fence-NN,dog fence,1,NA
350,OBJ:dog-NNS NMOD:complete-JJ,dog complete,1,NA
351,NMOD:the-DT SBJ:dog-NN,the dog,1,NA
352,SBJ:dog-NN ROOT:wear-VVZ,dog wear,1,NA
353,SBJ:dog-NN ADV:first-RB,dog first,1,NA
354,SBJ:dog-NN ROOT:learn-VVZ,dog learn,1,NA
355,PMOD:dog-NN COORD:layout-NN,dog layout,1,NA
356,NMOD:the-DT SBJ:zone-NNS,the zone,1,NA
357,OBJ:dog-NN P:)-),dog ),1,NA
358,PRD:dog-NN NMOD:difficult-JJ,dog difficult,1,NA
359,SBJ:dog-NNS ADV:wish-VVP,dog wish,1,NA
360,NMOD:dog-NN NMOD:training-NN,dog training,1,NA
361,NMOD:the-DT SBJ:response-NN,the response,1,NA
362,NMOD:the-DT ROOT:planning-NN,the planning,1,NA
363,NMOD:the-DT SBJ:second-NN,the second,1,NA
364,NMOD:the-DT NMOD:existing-JJ,the existing,1,NA
365,NMOD:the-DT SBJ:main-JJ,the main,2,NA
366,NMOD:the-DT NMOD:knowledgeable-JJ,the knowledgeable,1,NA
367,DEP:the-DT ROOT:European-NP,the European,1,NA
368,NMOD:the-DT NMOD:archaeological-JJ,the archaeological,2,NA
369,NMOD:the-DT NMOD:prime-JJ,the prime,1,NA
370,COORD:church-NNS COORD:trackways-NNS,church trackways,1,NA
371,NMOD:the-DT SBJ:focus-NN,the focus,1,NA
372,NMOD:the-DT NMOD:visible-JJ,the visible,1,NA
373,NMOD:the-DT ROOT:place-NNS,the place,1,NA
374,NMOD:the-DT SBJ:programme-NN,the programme,1,NA
375,NMOD:the-DT SBJ:effectiveness-NN,the effectiveness,1,NA
376,NMOD:the-DT NMOD:interest-NN,the interest,2,NA
377,NMOD:the-DT SBJ:asset-NN,the asset,1,NA
378,ROOT:and-CC ROOT:snow-VVZ,and snow,1,NA
379,NMOD:the-DT SBJ:sky-NN,the sky,1,NA
380,NMOD:the-DT SBJ:trailer-NN,the trailer,1,NA
381,NMOD:the-DT SBJ:character-NNS,the character,1,NA
382,P:and-CC DEP:INFLUENCE-NP,and INFLUENCE,1,NA
383,P:and-CC DEP:CONSOLIDATION-NP,and CONSOLIDATION,1,NA
384,NMOD:the-DT SBJ:following-NN,the following,2,NA
385,CC:and-CC SBJ:I-PP,and I,2,NA
386,NMOD:the-DT SBJ:payment-NNS,the payment,1,NA
387,NMOD:the-DT NMOD:membership-NN,the membership,1,NA
388,NMOD:the-DT NMOD:secret-JJ,the secret,1,NA
389,NMOD:the-DT SBJ:purpose-NN,the purpose,3,NA
390,NMOD:the-DT SBJ:organization-NN,the organization,1,NA
391,ROOT:the-DT ROOT:Austrian-NP,the Austrian,1,NA
392,NMOD:the-DT ROOT:effect-NN,the effect,1,NA
393,NMOD:the-DT NMOD:former-JJ,the former,1,NA
394,NMOD:the-DT SBJ:institution-NN,the institution,1,NA
395,NMOD:the-DT ADV:defendant-NN,the defendant,1,NA
396,VMOD:the-DT SBJ:Austria-NP,the Austria,1,NA
397,NMOD:the-DT ROOT:leadership-NN,the leadership,1,NA
398,"PMOD:church-NN P:,-,","church ,",5,NA
399,NMOD:the-DT NMOD:slight-JJS,the slight,1,NA
400,VMOD:the-DT SBJ:Fuehrer-NP,the Fuehrer,1,NA
401,NMOD:the-DT NMOD:subversive-JJ,the subversive,1,NA
402,NMOD:the-DT SBJ:result-NN,the result,1,NA
403,NMOD:the-DT ROOT:reason-NN,the reason,1,NA
404,DEP:the-DT VMOD:Green-NP,the Green,1,NA
405,NMOD:the-DT SBJ:document-NNS,the document,2,NA
406,"NMOD:the-DT P:,-,","the ,",1,NA
407,VMOD:the-DT VMOD:Community-NP,the Community,1,NA
408,VMOD:the-DT SBJ:Plan-NP,the Plan,1,NA
409,NMOD:the-DT SBJ:priority-NNS,the priority,1,NA
410,NMOD:the-DT ROOT:European-JJ,the European,1,NA
411,NMOD:the-DT SBJ:court-NN,the court,1,NA
412,NMOD:the-DT SBJ:move-NN,the move,1,NA
413,VMOD:no-DT VMOD:Less-NP,no Less,1,NA
414,P:the-DT DEP:Times-NP,the Times,1,NA
415,NMOD:the-DT NMOD:Cambodian-JJ,the Cambodian,1,NA
416,P:the-DT DEP:Guardian-NP,the Guardian,1,NA
417,NMOD:the-DT SBJ:law-NN,the law,1,NA
418,DEP:the-DT ROOT:Planned-NP,the Planned,1,NA
419,DEP:the-DT ROOT:American-NP,the American,1,NA
420,NMOD:the-DT SBJ:case-NN,the case,2,NA
421,NMOD:the-DT NMOD:Catholic-JJ,the Catholic,1,NA
422,DEP:the-DT P:St-NP,the St,1,NA
423,P:the-DT DEP:Republican-NP,the Republican,1,NA
424,ROOT:the-DT VMOD:Blessed-NP,the Blessed,1,NA
425,ROOT:the-DT ROOT:Welsh-NP,the Welsh,1,NA
426,NMOD:the-DT SBJ:reliability-NN,the reliability,1,NA
427,NMOD:the-DT NMOD:site-NN,the site,1,NA
428,NMOD:the-DT SBJ:energy-NN,the energy,2,NA
429,NMOD:the-DT SBJ:direction-NN,the direction,1,NA
430,NMOD:the-DT SBJ:year-NNS,the year,2,NA
431,NMOD:the-DT NMOD:reptilian-JJ,the reptilian,2,NA
432,"SBJ:animal-NNS P:,-,","animal ,",1,NA
433,NMOD:the-DT NMOD:old-JJ,the old,5,NA
434,NMOD:the-DT NMOD:original-JJ,the original,1,NA
435,NMOD:the-DT NMOD:Tai-NP,the Tai,1,NA
436,NMOD:the-DT SBJ:population-NN,the population,1,NA
437,NMOD:the-DT NMOD:average-JJ,the average,1,NA
438,DEP:the-DT DEP:new-JJ,the new,1,NA
439,VMOD:the-DT VMOD:Hon.-NP,the Hon.,1,NA
440,NMOD:no-DT NMOD:suitable-JJ,no suitable,1,NA
441,NMOD:the-DT SBJ:brick-NNS,the brick,1,NA
442,NMOD:the-DT SBJ:building-NN,the building,2,NA
443,NMOD:the-DT SBJ:workhouse-NN,the workhouse,1,NA
444,NMOD:the-DT ROOT:history-NN,the history,2,NA
445,NMOD:the-DT NMOD:present-JJ,the present,1,NA
446,NMOD:the-DT SBJ:scope-NN,the scope,1,NA
447,NMOD:the-DT SBJ:matrix-NN,the matrix,1,NA
448,NMOD:the-DT NMOD:remaining-JJ,the remaining,1,NA
449,ROOT:the-DT ROOT:Usability-NP,the Usability,1,NA
450,NMOD:the-DT SBJ:other-NNS,the other,2,NA
451,NMOD:the-DT NMOD:insuremythings.com-NN,the insuremythings.com,2,NA
452,ROOT:the-DT ROOT:Connect-NP,the Connect,1,NA
453,NMOD:the-DT NMOD:admission-NN,the admission,1,NA
454,DEP:the-DT P:National-NP,the National,1,NA
455,NMOD:the-DT NMOD:evocative-JJ,the evocative,1,NA
456,NMOD:the-DT SBJ:@card@-CD,the @card@,2,NA
457,NMOD:the-DT NMOD:midnight-NN,the midnight,1,NA
458,VMOD:the-DT VMOD:Green-NP,the Green,1,NA
459,CC:and-CC NMOD:first-class-JJ,and first-class,1,NA
460,CC:and-CC NMOD:child-NNS,and child,1,NA
461,CC:and-CC SBJ:Peter-NP,and Peter,1,NA
462,CC:and-CC VMOD:like-IN,and like,1,NA
463,CC:and-CC ADV:know-VVD,and know,1,NA
464,DEP:and-CC PMOD:hurry-NN,and hurry,1,NA
465,NMOD:the-DT ROOT:beautifullest-JJS,the beautifullest,1,NA
466,CC:and-CC PMOD:coal-NNS,and coal,1,NA
467,CC:and-CC ROOT:go-VVD,and go,1,NA
468,NMOD:the-DT SBJ:train-NN,the train,1,NA
469,CC:and-CC ROOT:know-VVP,and know,1,NA
470,DEP:and-CC ROOT:use-VVD,and use,1,NA
471,CC:and-CC SBJ:train-NN,and train,1,NA
472,SBJ:the-DT ADV:Station-NP,the Station,1,NA
473,NMOD:no-DT SBJ:ďż˝-NN,no ďż˝,1,NA
474,CC:and-CC SBJ:Mother-NP,and Mother,1,NA
475,DEP:and-CC VMOD:Mrs.-NP,and Mrs.,1,NA
476,CC:and-CC ADV:presently-RB,and presently,1,NA
477,CC:and-CC ADV:later-RBR,and later,1,NA
478,CC:and-CC ROOT:wake-VVD,and wake,1,NA
479,CC:and-CC SBJ:Bobbie-NP,and Bobbie,1,NA
480,"ADV:no-RB P:,-,","no ,",5,NA
481,CC:and-CC VMOD:Peter-NP,and Peter,1,NA
482,OBJ:animal-NNS PMOD:menagerie-NN,animal menagerie,1,NA
483,CC:and-CC VC:point-VVG,and point,1,NA
484,DEP:and-CC NMOD:old-JJ,and old,1,NA
485,NMOD:the-DT ADV:Times-NP,the Times,1,NA
486,NMOD:no-DT SBJ:offence-NN,no offence,1,NA
487,CC:and-CC ADV:say-VVZ,and say,1,NA
488,NMOD:the-DT SBJ:letter-NN,the letter,1,NA
489,CC:and-CC ROOT:sweetbrier-NN,and sweetbrier,1,NA
490,NMOD:the-DT SBJ:accommodation-NN,the accommodation,1,NA
491,NMOD:the-DT SBJ:property-NN,the property,1,NA
492,NMOD:the-DT PMOD:production-NN,the production,1,NA
493,NMOD:the-DT SBJ:activity-NN,the activity,1,NA
494,NMOD:the-DT ROOT:way-NN,the way,2,NA
495,NMOD:the-DT NMOD:trumpet-NN,the trumpet,1,NA
496,CC:and-CC NMOD:first-JJ,and first,1,NA
497,P:and-CC DEP:yet-RB,and yet,1,NA
498,NMOD:the-DT SBJ:poem-NN,the poem,2,NA
499,CC:and-CC ADV:like-IN,and like,1,NA
500,CC:and-CC PMOD:tomb-NNS,and tomb,1,NA
501,NMOD:the-DT SBJ:desecrator-NN,the desecrator,1,NA
502,NMOD:the-DT OBJ:bolt-NN,the bolt,1,NA
503,CC:and-CC ROOT:shall-MD,and shall,1,NA
504,NMOD:the-DT OBJ:soul-NN,the soul,1,NA
505,NMOD:the-DT SBJ:patriot-arm-NN,the patriot-arm,1,NA
506,NMOD:the-DT NMOD:sword-NN,the sword,1,NA
507,NMOD:the-DT ROOT:reign-NN,the reign,1,NA
508,CC:and-CC NMOD:bid-NN,and bid,1,NA
509,NMOD:the-DT SBJ:ďż˝demon-breath-NN,the ďż˝demon-breath,1,NA
510,CC:and-CC VMOD:might-MD,and might,1,NA
511,VMOD:the-DT SBJ:Ascension-NP,the Ascension,1,NA
512,DEP:the-DT P:Cape-NP,the Cape,1,NA
513,DEP:and-CC AMOD:yet-RB,and yet,1,NA
514,CC:and-CC PMOD:yet-RB,and yet,1,NA
515,NMOD:the-DT OBJ:land-NN,the land,1,NA
516,NMOD:the-DT SBJ:poet-NN,the poet,1,NA
517,CC:and-CC DEP:Welsh-NP,and Welsh,1,NA
518,NMOD:the-DT SBJ:Roman-NNS,the Roman,1,NA
519,NMOD:the-DT NMOD:burning-NN,the burning,1,NA
520,NMOD:the-DT SBJ:soul-NN,the soul,1,NA
521,NMOD:the-DT ROOT:Saxon-NP,the Saxon,1,NA
522,P:the-DT DEP:Literary-NP,the Literary,1,NA
523,NMOD:the-DT ROOT:Sceptic-JJ,the Sceptic,1,NA
524,DEP:the-DT ROOT:Siege-NP,the Siege,1,NA
525,DEP:the-DT DEP:last-JJ,the last,1,NA
526,DEP:the-DT ROOT:Vespers-NP,the Vespers,1,NA
527,DEP:the-DT DEP:Sister-NP,the Sister,1,NA
528,NMOD:the-DT SBJ:material-NN,the material,1,NA
529,NMOD:the-DT NMOD:change-VVG,the change,1,NA
530,NMOD:the-DT SBJ:cost-NN,the cost,2,NA
531,NMOD:the-DT NMOD:2-CD,the 2,2,NA
532,NMOD:the-DT SBJ:season-NN,the season,1,NA
533,NMOD:the-DT SBJ:thought-NN,the thought,1,NA
534,NMOD:the-DT SBJ:surge-NN,the surge,1,NA
535,ADV:no-RB SBJ:I-PP,no I,1,NA
536,NMOD:the-DT SBJ:vibrate-VVG,the vibrate,1,NA
537,NMOD:the-DT SBJ:medallion-NN,the medallion,2,NA
538,NMOD:the-DT SBJ:feeling-NN,the feeling,1,NA
539,NMOD:the-DT SBJ:love-NN,the love,1,NA
540,NMOD:no-DT SBJ:sugar-NN,no sugar,1,NA
541,VMOD:the-DT SBJ:SWP-NP,the SWP,1,NA
542,"NMOD:the-DT P:""-``","the """,1,NA
543,NMOD:the-DT NMOD:Nineham-NP,the Nineham,1,NA
544,NMOD:the-DT SBJ:job-NN,the job,1,NA
545,VMOD:the-DT SBJ:Times-NP,the Times,1,NA
546,NMOD:the-DT SBJ:growth-NN,the growth,1,NA
547,NMOD:the-DT ROOT:dissenter-NNS,the dissenter,1,NA
548,NMOD:church-NN COORD:school-NNS,church school,1,NA
549,NMOD:church-NN OBJ:school-NNS,church school,1,NA
550,NMOD:the-DT SBJ:regimentation-NN,the regimentation,1,NA
551,NMOD:the-DT NMOD:robotic-JJ,the robotic,1,NA
552,NMOD:the-DT NMOD:work-VVG,the work,1,NA
553,NMOD:the-DT NMOD:town-NN,the town,1,NA
554,NMOD:the-DT ROOT:attempt-NN,the attempt,1,NA
555,NMOD:the-DT SBJ:act-NN,the act,1,NA
556,SBJ:the-DT ADV:Edinburgh-NP,the Edinburgh,1,NA
557,NMOD:the-DT OBJ:claim-NN,the claim,1,NA
558,NMOD:the-DT NMOD:temperance-NN,the temperance,1,NA
559,NMOD:the-DT NMOD:Socialist-NP,the Socialist,1,NA
560,CC:and-CC NMOD:personal-JJ,and personal,1,NA
561,NMOD:the-DT ROOT:first-JJ,the first,1,NA
562,NMOD:the-DT VMOD:decade-NN,the decade,1,NA
563,NMOD:the-DT NMOD:ruling-NN,the ruling,1,NA
564,NMOD:the-DT ROOT:peril-NNS,the peril,1,NA
565,NMOD:the-DT SBJ:leader-NNS,the leader,1,NA
566,NMOD:the-DT SBJ:right-NN,the right,1,NA
567,ROOT:church-NN P:--:,church -,1,NA
568,NMOD:the-DT SBJ:church-NN,the church,1,NA
569,SBJ:church-NN ROOT:could-MD,church could,1,NA
570,NMOD:the-DT SBJ:advantage-NNS,the advantage,1,NA
571,NMOD:the-DT NMOD:abject-JJ,the abject,1,NA
572,NMOD:the-DT NMOD:terrifying-JJ,the terrifying,1,NA
573,NMOD:the-DT ROOT:circumstance-NNS,the circumstance,1,NA
574,NMOD:the-DT SBJ:crime-NN,the crime,1,NA
575,NMOD:the-DT NMOD:grow-VVG,the grow,1,NA
576,CC:and-CC NMOD:Kings-NP,and Kings,1,NA
577,P:the-DT DEP:SIXTEENTH-NP,the SIXTEENTH,1,NA
578,P:the-DT DEP:Assembly-NP,the Assembly,1,NA
579,DEP:the-DT DEP:Speaker-NP,the Speaker,1,NA
580,NMOD:the-DT PMOD:chair-NN,the chair,1,NA
581,DEP:the-DT P:Speaker-NP,the Speaker,1,NA
582,NMOD:the-DT SBJ:minute-NNS,the minute,1,NA
583,VMOD:the-DT SBJ:Speaker-NP,the Speaker,2,NA
584,ROOT:the-DT ROOT:Committee-NP,the Committee,1,NA
585,CC:and-CC NMOD:ALLOWANCES-NP,and ALLOWANCES,1,NA
586,NMOD:the-DT SBJ:proposal-NN,the proposal,3,NA
587,NMOD:the-DT COORD:presentation-NN,the presentation,1,NA
588,DEP:the-DT SBJ:Speaker-NP,the Speaker,1,NA
589,VMOD:the-DT VMOD:Home-NP,the Home,1,NA
590,NMOD:the-DT SBJ:situation-NN,the situation,2,NA
591,NMOD:the-DT PMOD:sex-NN,the sex,1,NA
592,NMOD:the-DT SBJ:manager-NN,the manager,1,NA
593,SBJ:the-DT ROOT:depart-VVD,the depart,1,NA
594,NMOD:the-DT SBJ:library-NN,the library,1,NA
595,NMOD:the-DT SBJ:report-NN,the report,4,NA
596,NMOD:the-DT SBJ:effect-NNS,the effect,1,NA
597,NMOD:the-DT SBJ:island-NNS,the island,1,NA
598,NMOD:the-DT SBJ:problem-NN,the problem,2,NA
599,NMOD:no-DT NMOD:send-VVG,no send,1,NA
600,DEP:and-CC ROOT:thought-NNS,and thought,1,NA
601,ROOT:and-CC SBJ:RESPONSIBILITIES-NP,and RESPONSIBILITIES,1,NA
602,NMOD:the-DT SBJ:postholder-NN,the postholder,2,NA
603,ADV:the-DT SBJ:ITNTO-NP,the ITNTO,1,NA
604,NMOD:the-DT NMOD:effective-JJ,the effective,1,NA
605,NMOD:the-DT NMOD:ITNTO-NP,the ITNTO,1,NA
606,NMOD:the-DT NMOD:Avenue-NP,the Avenue,1,NA
607,DEP:the-DT ROOT:Crown-NP,the Crown,1,NA
608,NMOD:the-DT NMOD:world-NN,the world,1,NA
609,CC:and-CC NMOD:psychological-JJ,and psychological,1,NA
610,NMOD:the-DT SBJ:trend-NN,the trend,1,NA
611,NMOD:the-DT SBJ:detail-NN,the detail,1,NA
612,NMOD:the-DT ADV:procedure-NN,the procedure,1,NA
613,NMOD:the-DT SBJ:appeal-NN,the appeal,2,NA
614,ROOT:the-DT ROOT:Admiral-NP,the Admiral,1,NA
615,NMOD:the-DT SBJ:plot-NN,the plot,1,NA
616,NMOD:the-DT SBJ:presentation-NN,the presentation,1,NA
617,NMOD:the-DT SBJ:ban-NN,the ban,1,NA
618,NMOD:the-DT NMOD:Brazilian-JJ,the Brazilian,1,NA
619,NMOD:the-DT NMOD:mahogany-NN,the mahogany,1,NA
620,NMOD:the-DT NMOD:illegal-JJ,the illegal,1,NA
621,NMOD:the-DT SBJ:threat-NNS,the threat,1,NA
622,NMOD:the-DT NMOD:zebra-NN,the zebra,1,NA
623,NMOD:the-DT NMOD:front-JJ,the front,1,NA
624,NMOD:the-DT SBJ:retina-NN,the retina,1,NA
625,NMOD:the-DT NMOD:6-CD,the 6,1,NA
626,NMOD:the-DT SBJ:male-NNS,the male,1,NA
627,NMOD:the-DT SBJ:pedipalp-NNS,the pedipalp,1,NA
628,NMOD:the-DT SBJ:spider-NN,the spider,1,NA
629,NMOD:the-DT NMOD:male-JJ,the male,1,NA
630,NMOD:the-DT SBJ:male-NN,the male,1,NA
631,NMOD:the-DT SBJ:image-NNS,the image,1,NA
632,CC:and-CC SBJ:Wanda-NP,and Wanda,1,NA
633,DEP:the-DT DEP:King-NP,the King,1,NA
634,VMOD:the-DT VMOD:English-NP,the English,1,NA
635,NMOD:the-DT VMOD:young-JJ,the young,1,NA
636,DEP:the-DT ROOT:'-POS,the ',1,NA
637,NMOD:the-DT NMOD:ideal-JJ,the ideal,1,NA
638,NMOD:the-DT NMOD:heavy-JJ,the heavy,1,NA
639,"SBJ:the-DT P:""-``","the """,2,NA
640,NMOD:the-DT NMOD:Author-NP,the Author,1,NA
641,DEP:Church-NP ROOT:Chairs-NP,Church Chairs,1,NA
642,NMOD:church-NN PMOD:chair-NNS,church chair,1,NA
643,NMOD:church-NN COORD:seating-NN,church seating,1,NA
644,NMOD:no-DT ADV:theory-NN,no theory,1,NA
645,NMOD:no-DT ROOT:stress-NN,no stress,1,NA
646,VMOD:the-DT VMOD:bad-JJR,the bad,1,NA
647,NMOD:no-DT ROOT:@card@-CD,no @card@,1,NA
648,NMOD:the-DT NMOD:publicity-NN,the publicity,1,NA
649,NMOD:the-DT ROOT:loco-NNS,the loco,1,NA
650,NMOD:the-DT SBJ:school-NNS,the school,1,NA
651,NMOD:the-DT PMOD:information-NN,the information,1,NA
652,NMOD:the-DT PMOD:facility-NNS,the facility,1,NA
653,NMOD:the-DT AMOD:vertically-RB,the vertically,1,NA
654,NMOD:the-DT NMOD:unique-JJ,the unique,1,NA
655,DEP:the-DT ROOT:New-NP,the New,1,NA
656,NMOD:the-DT SBJ:chapter-NNS,the chapter,1,NA
657,NMOD:animal-NN PMOD:kingdom-NN,animal kingdom,1,NA
658,PMOD:church-NNS PMOD:Harlem-NP,church Harlem,1,NA
659,NMOD:the-DT SBJ:morrisons-NNS,the morrisons,1,NA
660,VMOD:the-DT VMOD:Graduate-NP,the Graduate,1,NA
661,VMOD:the-DT SBJ:School-NP,the School,1,NA
662,NMOD:the-DT NMOD:cartographic-JJ,the cartographic,1,NA
663,VMOD:the-DT VMOD:Round-NP,the Round,1,NA
664,NMOD:the-DT SBJ:wood-NN,the wood,1,NA
665,NMOD:no-DT SBJ:force-NN,no force,1,NA
666,NMOD:the-DT SBJ:wood-NNS,the wood,1,NA
667,NMOD:the-DT SBJ:area-NN,the area,1,NA
668,NMOD:the-DT SBJ:drover-NNS,the drover,1,NA
669,NMOD:the-DT SBJ:house-NN,the house,1,NA
670,NMOD:the-DT ADV:post-NNS,the post,1,NA
671,SBJ:dog-NNS ROOT:chase-VVD,dog chase,1,NA
672,NMOD:the-DT NMOD:green-JJ,the green,1,NA
673,NMOD:no-DT NMOD:planning-NN,no planning,1,NA
674,NMOD:the-DT NMOD:46-year-old-JJ,the 46-year-old,1,NA
675,NMOD:the-DT NMOD:4-pound-JJ,the 4-pound,1,NA
676,NMOD:the-DT NMOD:language-NNS,the language,1,NA
677,NMOD:the-DT DEP:history-NN,the history,1,NA
678,VMOD:the-DT SBJ:English-NP,the English,1,NA
679,NMOD:the-DT NMOD:English-JJ,the English,1,NA
680,DEP:the-DT VMOD:real-JJ,the real,1,NA
681,NMOD:the-DT SBJ:French-NNS,the French,1,NA
682,VMOD:the-DT VMOD:Language-NP,the Language,1,NA
683,NMOD:the-DT NMOD:sting-NN,the sting,1,NA
684,NMOD:the-DT NMOD:art-NN,the art,1,NA
685,NMOD:the-DT NMOD:propose-VVN,the propose,1,NA
686,NMOD:the-DT SBJ:merger-NN,the merger,1,NA
687,NMOD:the-DT ROOT:party-NNS,the party,1,NA
688,NMOD:the-DT NMOD:gross-JJ,the gross,1,NA
689,NMOD:the-DT SBJ:party-NNS,the party,2,NA
690,NMOD:the-DT NMOD:primary-JJ,the primary,2,NA
691,NMOD:the-DT ROOT:change-NNS,the change,1,NA
692,NMOD:the-DT SBJ:property-NNS,the property,1,NA
693,NMOD:the-DT NMOD:party-NNS,the party,1,NA
694,NMOD:the-DT ROOT:fact-NN,the fact,1,NA
695,NMOD:the-DT NMOD:large-JJS,the large,1,NA
696,NMOD:no-DT NMOD:significant-JJ,no significant,1,NA
697,NMOD:the-DT SBJ:paper-NN,the paper,3,NA
698,NMOD:the-DT SBJ:study-NN,the study,3,NA
699,NMOD:the-DT ROOT:importance-NN,the importance,2,NA
700,NMOD:the-DT NMOD:paper-NN,the paper,1,NA
701,VMOD:the-DT SBJ:White-NP,the White,1,NA
702,VMOD:the-DT VMOD:White-NP,the White,1,NA
703,NMOD:the-DT SBJ:author-NN,the author,1,NA
704,NMOD:the-DT NMOD:policy-NN,the policy,1,NA
705,NMOD:the-DT NMOD:transition-NN,the transition,1,NA
706,NMOD:the-DT NMOD:project-NN,the project,1,NA
707,NMOD:the-DT SBJ:role-NN,the role,1,NA
708,NMOD:the-DT SBJ:finding-NNS,the finding,2,NA
709,NMOD:the-DT NMOD:brewery-NN,the brewery,1,NA
710,NMOD:the-DT COORD:whole-NN,the whole,1,NA
711,NMOD:the-DT ROOT:premise-NNS,the premise,1,NA
712,NMOD:the-DT SBJ:entrance-NN,the entrance,1,NA
713,DEP:the-DT VMOD:Three-NP,the Three,1,NA
714,NMOD:the-DT SBJ:brother-NNS,the brother,1,NA
715,SBJ:the-DT VMOD:Home-NP,the Home,1,NA
716,NMOD:the-DT NMOD:revise-VVN,the revise,1,NA
717,NMOD:the-DT SBJ:leaflet-NN,the leaflet,1,NA
718,NMOD:the-DT SBJ:campaign-NN,the campaign,1,NA
719,NMOD:the-DT SBJ:presence-NN,the presence,1,NA
720,NMOD:the-DT SBJ:elderly-JJ,the elderly,1,NA
721,NMOD:the-DT SBJ:procedure-NN,the procedure,1,NA
722,NMOD:the-DT NMOD:small-JJ,the small,1,NA
723,NMOD:the-DT NMOD:fibreoptic-JJ,the fibreoptic,1,NA
724,NMOD:the-DT NMOD:important-JJ,the important,1,NA
725,NMOD:no-DT NMOD:Tuner-NP,no Tuner,2,NA
726,NMOD:no-DT NMOD:DVB-T-NP,no DVB-T,2,NA
727,NMOD:no-DT NMOD:Hauppauge-NP,no Hauppauge,1,NA
728,VMOD:no-DT VMOD:Hauppauge-NP,no Hauppauge,2,NA
729,DEP:no-DT DEP:Hauppauge-NP,no Hauppauge,8,NA
730,DEP:no-DT DEP:Analogue-NP,no Analogue,1,NA
731,DEP:no-DT AMOD:Digital-NP,no Digital,1,NA
732,DEP:no-DT DEP:Digital-NP,no Digital,1,NA
733,NMOD:the-DT NMOD:easy-JJS,the easy,1,NA
734,NMOD:the-DT NMOD:DVB-T-NP,the DVB-T,1,NA
735,NMOD:no-DT SBJ:channel-NNS,no channel,1,NA
736,NMOD:the-DT ROOT:nvidia-NN,the nvidia,1,NA
737,NMOD:the-DT NMOD:hire-NN,the hire,1,NA
738,NMOD:the-DT SBJ:countryside-NN,the countryside,1,NA
739,NMOD:the-DT PMOD:falcon-NN,the falcon,1,NA
740,NMOD:the-DT SBJ:village-NN,the village,1,NA
741,DEP:the-DT ROOT:Bridge-NP,the Bridge,1,NA
742,NMOD:the-DT SBJ:weather-NN,the weather,1,NA
743,NMOD:the-DT SBJ:hay-NN,the hay,1,NA
744,"VMOD:the-DT P:""-''","the """,1,NA
745,NMOD:the-DT SBJ:local-NNS,the local,1,NA
746,CC:and-CC SBJ:GOSLINGS-NP,and GOSLINGS,1,NA
747,VMOD:the-DT SBJ:Nene-NP,the Nene,1,NA
748,ROOT:the-DT ROOT:Wash-NP,the Wash,1,NA
749,ROOT:the-DT ROOT:Middle-NP,the Middle,2,NA
750,NMOD:the-DT SBJ:scenery-NN,the scenery,1,NA
751,NMOD:the-DT SBJ:trouble-NN,the trouble,1,NA
752,NMOD:the-DT SBJ:cathedral-NN,the cathedral,1,NA
753,P:the-DT DEP:Wash-NP,the Wash,1,NA
754,NMOD:the-DT SBJ:sign-NN,the sign,1,NA
755,NMOD:no-DT ROOT:entry-NN,no entry,1,NA
756,VMOD:the-DT SBJ:Ouse-NP,the Ouse,1,NA
757,CC:and-CC NMOD:one-CD,and one,1,NA
758,NMOD:the-DT NMOD:Middle-NP,the Middle,1,NA
759,CC:and-CC PRD:shall-MD,and shall,1,NA
760,VMOD:the-DT SBJ:TUC-NP,the TUC,1,NA
761,NMOD:the-DT NMOD:role-NN,the role,2,NA
762,NMOD:the-DT SBJ:spider-NNS,the spider,1,NA
763,NMOD:the-DT SBJ:result-NNS,the result,1,NA
764,NMOD:the-DT SBJ:reason-NN,the reason,2,NA
765,NMOD:Church-NP NMOD:'s-POS,Church 's,1,NA
766,NMOD:the-DT ROOT:arrival-NN,the arrival,1,NA
767,NMOD:the-DT NMOD:King-NP,the King,1,NA
768,NMOD:the-DT ADV:French-JJ,the French,1,NA
769,VMOD:the-DT SBJ:Structure-NP,the Structure,1,NA
770,NMOD:the-DT NMOD:Encyclopaedia-NP,the Encyclopaedia,1,NA
771,NMOD:the-DT NMOD:human-JJ,the human,1,NA
772,NMOD:the-DT NMOD:vermiform-JJ,the vermiform,1,NA
773,NMOD:the-DT SBJ:appendix-NN,the appendix,1,NA
774,NMOD:the-DT NMOD:market-NN,the market,1,NA
775,NMOD:animal-NN NMOD:park-NN,animal park,1,NA
776,NMOD:the-DT ROOT:godfather-NNS,the godfather,1,NA
777,NMOD:the-DT NMOD:downward-JJ,the downward,1,NA
778,DEP:the-DT DEP:rich-JJR,the rich,1,NA
779,NMOD:the-DT SBJ:world-NN,the world,1,NA
780,NMOD:the-DT SBJ:charity-NN,the charity,4,NA
781,NMOD:the-DT NMOD:charity-NN,the charity,1,NA
782,NMOD:the-DT NMOD:tomorrow-NN,the tomorrow,1,NA
783,NMOD:the-DT NMOD:professional-JJ,the professional,1,NA
784,NMOD:the-DT SBJ:art-NNS,the art,1,NA
785,NMOD:the-DT NMOD:annual-JJ,the annual,1,NA
786,VMOD:the-DT VMOD:Social-NP,the Social,1,NA
787,NMOD:the-DT SBJ:choice-NN,the choice,2,NA
788,DEP:the-DT DEP:DEGREES-NP,the DEGREES,1,NA
789,DEP:the-DT P:FACULTY-NP,the FACULTY,1,NA
790,NMOD:the-DT NMOD:Ma-NP,the Ma,1,NA
791,NMOD:the-DT NMOD:principal-JJ,the principal,1,NA
792,NMOD:the-DT NMOD:ma-NN,the ma,1,NA
793,NMOD:the-DT NMOD:Honours-NP,the Honours,1,NA
794,NMOD:the-DT NMOD:three-year-JJ,the three-year,1,NA
795,VMOD:the-DT SBJ:Faculty-NP,the Faculty,2,NA
796,NMOD:the-DT NMOD:Faculty-NP,the Faculty,1,NA
797,NMOD:the-DT NMOD:appropriate-JJ,the appropriate,1,NA
798,NMOD:the-DT NMOD:hospice-NN,the hospice,1,NA
799,NMOD:the-DT NMOD:modern-JJ,the modern,1,NA
800,NMOD:the-DT ADV:staff-NN,the staff,1,NA
801,NMOD:the-DT SBJ:atmosphere-NN,the atmosphere,2,NA
802,ROOT:the-DT VMOD:Department-NP,the Department,1,NA
803,NMOD:the-DT NMOD:standard-JJ,the standard,1,NA
804,DEP:the-DT VMOD:Information-NP,the Information,1,NA
805,ROOT:the-DT VMOD:Kitchen-NP,the Kitchen,1,NA
806,OBJ:animal-NNS ROOT:London-NP,animal London,1,NA
807,DEP:and-CC SBJ:Jas-NP,and Jas,1,NA
808,NMOD:the-DT NMOD:Basics-NP,the Basics,1,NA
809,NMOD:the-DT NMOD:colour-NN,the colour,1,NA
810,DEP:the-DT DEP:Basics-NP,the Basics,1,NA
811,NMOD:the-DT SBJ:z-1-NN,the z-1,1,NA
812,NMOD:the-DT SBJ:design-NN,the design,2,NA
813,ROOT:the-DT VMOD:Z-1-NP,the Z-1,1,NA
814,NMOD:the-DT SBJ:disorder-NN,the disorder,1,NA
815,NMOD:the-DT SBJ:area-NNS,the area,1,NA
816,NMOD:the-DT SBJ:blister-NNS,the blister,1,NA
817,NMOD:the-DT SBJ:virus-NN,the virus,3,NA
818,NMOD:the-DT SBJ:sore-NNS,the sore,2,NA
819,NMOD:the-DT SBJ:infection-NN,the infection,1,NA
820,NMOD:the-DT NMOD:body-NN,the body,1,NA
821,NMOD:the-DT SBJ:factor-NNS,the factor,1,NA
822,NMOD:the-DT SBJ:treatment-NN,the treatment,1,NA
823,NMOD:the-DT SBJ:development-NN,the development,1,NA
824,NMOD:the-DT SBJ:review-NN,the review,1,NA
825,NMOD:the-DT NMOD:American-JJ,the American,1,NA
826,NMOD:the-DT NMOD:subscription-NN,the subscription,1,NA
827,NMOD:the-DT NMOD:book-NNS,the book,1,NA
828,NMOD:the-DT SBJ:contractor-NN,the contractor,1,NA
829,DEP:the-DT SBJ:new-JJ,the new,1,NA
830,NMOD:the-DT NMOD:advance-NN,the advance,1,NA
831,NMOD:the-DT SBJ:block-NN,the block,1,NA
832,VMOD:the-DT VMOD:relocate-VVN,the relocate,1,NA
833,NMOD:the-DT SBJ:facility-NN,the facility,1,NA
834,"NMOD:the-DT SBJ:school,population-NN","the school,population",1,NA
835,NMOD:the-DT NMOD:S4-NP,the S4,1,NA
836,DEP:the-DT VMOD:Scriptwriters-NP,the Scriptwriters,1,NA
837,NMOD:the-DT NMOD:name-NNS,the name,1,NA
838,NMOD:the-DT NMOD:Scriptwriters-NP,the Scriptwriters,1,NA
839,NMOD:the-DT NMOD:six-CD,the six,1,NA
840,NMOD:the-DT NMOD:film4-JJ,the film4,1,NA
841,NMOD:the-DT NMOD:dreaded-JJ,the dreaded,1,NA
842,NMOD:the-DT SBJ:template-NN,the template,1,NA
843,NMOD:the-DT PMOD:complete-JJ,the complete,1,NA
844,P:the-DT ROOT:House-NP,the House,1,NA
845,NMOD:the-DT NMOD:parent-NNS,the parent,1,NA
846,CC:and-CC SBJ:Dante-NP,and Dante,1,NA
847,NMOD:the-DT SBJ:music-NN,the music,1,NA
848,DEP:the-DT P:Dome-NP,the Dome,1,NA
849,NMOD:the-DT NMOD:Rave-NP,the Rave,1,NA
850,NMOD:the-DT SBJ:scene-NN,the scene,1,NA
851,NMOD:the-DT SBJ:remit-NN,the remit,1,NA
852,DEP:the-DT VMOD:Moray-NP,the Moray,1,NA
853,NMOD:the-DT SBJ:group-NN,the group,1,NA
854,NMOD:People-NP NMOD:'s-POS,People 's,1,NA
855,P:People-NP NMOD:'s-POS,People 's,1,NA
856,NMOD:the-DT NMOD:new-JJR,the new,1,NA
857,VMOD:the-DT VMOD:Cat-NP,the Cat,1,NA
858,NMOD:the-DT NMOD:direct-JJ,the direct,1,NA
859,NMOD:the-DT NMOD:Internet-NN,the Internet,1,NA
860,NMOD:the-DT SBJ:prosecution-NN,the prosecution,1,NA
861,NMOD:the-DT SBJ:time-NN,the time,1,NA
862,NMOD:the-DT NMOD:threshold-NN,the threshold,1,NA
863,NMOD:the-DT SBJ:competition-NN,the competition,1,NA
864,NMOD:the-DT SBJ:nature-NN,the nature,1,NA
865,NMOD:the-DT NMOD:anti-trust-NN,the anti-trust,2,NA
866,NMOD:no-DT SBJ:company-NN,no company,1,NA
867,CC:and-CC NMOD:product-NNS,and product,1,NA
868,NMOD:the-DT NMOD:HTML-NP,the HTML,1,NA
869,NMOD:the-DT NMOD:addon-NN,the addon,1,NA
870,NMOD:no-DT SBJ:zone-NNS,no zone,1,NA
871,NMOD:the-DT SBJ:awnser-NN,the awnser,1,NA
872,NMOD:the-DT NMOD:big-JJ,the big,1,NA
873,DEP:the-DT VMOD:KDE-NP,the KDE,1,NA
874,NMOD:the-DT SBJ:developer-NNS,the developer,1,NA
875,ADV:no-RB ROOT:tab-VVD,no tab,1,NA
876,NMOD:no-DT NMOD:extension-NNS,no extension,1,NA
877,NMOD:no-DT SBJ:theme-NNS,no theme,1,NA
878,NMOD:no-DT NMOD:Security-NP,no Security,1,NA
879,NMOD:the-DT SBJ:product-NN,the product,1,NA
880,NMOD:the-DT SBJ:comfort-NN,the comfort,1,NA
881,DEP:the-DT P:School-NP,the School,1,NA
882,NMOD:the-DT ROOT:beginning-NNS,the beginning,1,NA
883,NMOD:the-DT NMOD:racist-NN,the racist,1,NA
884,NMOD:the-DT SBJ:conceptualisation-NN,the conceptualisation,1,NA
885,NMOD:animal-JJ PMOD:model-NNS,animal model,1,NA
886,NMOD:animal-JJ NMOD:welfare-NN,animal welfare,1,NA
887,NMOD:the-DT SBJ:essay-NN,the essay,3,NA
888,NMOD:the-DT SBJ:aspect-NN,the aspect,1,NA
889,NMOD:the-DT SBJ:appendice-NNS,the appendice,1,NA
890,NMOD:the-DT NMOD:make-VVG,the make,1,NA
891,ROOT:the-DT ROOT:National-NP,the National,1,NA
892,ROOT:the-DT ROOT:Associated-NP,the Associated,1,NA
893,NMOD:the-DT NMOD:University-NP,the University,1,NA
894,NMOD:the-DT NMOD:perfect-JJ,the perfect,1,NA
895,CC:and-CC NMOD:whole-JJ,and whole,1,NA
896,NMOD:the-DT NMOD:friendly-JJ,the friendly,1,NA
897,SBJ:the-DT ADV:Turks-NPS,the Turks,1,NA
898,DEP:the-DT SBJ:Nazis-NPS,the Nazis,1,NA
899,CC:and-CC NMOD:Iranian-JJ,and Iranian,1,NA
900,NMOD:no-DT NMOD:fresh-JJ,no fresh,1,NA
901,NMOD:the-DT SBJ:response-NNS,the response,1,NA
902,NMOD:the-DT SBJ:consultation-NN,the consultation,1,NA
903,NMOD:the-DT NMOD:government-NN,the government,1,NA
904,VMOD:the-DT SBJ:Department-NP,the Department,1,NA
905,NMOD:the-DT SBJ:member-NNS,the member,1,NA
906,NMOD:the-DT SBJ:link-NNS,the link,1,NA
907,NMOD:the-DT SBJ:comparison-NN,the comparison,1,NA
908,SBJ:no-DT ROOT:remain-VVZ,no remain,1,NA
909,NMOD:the-DT SBJ:line-NN,the line,1,NA
910,NMOD:the-DT SBJ:popularity-NN,the popularity,1,NA
911,NMOD:the-DT NMOD:long-JJ,the long,1,NA
912,NMOD:the-DT COORD:facilitator-NN,the facilitator,1,NA
913,NMOD:the-DT NMOD:ďż˝distanced-JJ,the ďż˝distanced,1,NA
914,NMOD:the-DT NMOD:micro-dynamics-NN,the micro-dynamics,1,NA
915,NMOD:the-DT NMOD:viability-NN,the viability,1,NA
916,NMOD:the-DT COORD:role-NN,the role,2,NA
917,NMOD:the-DT ADV:relationship-NN,the relationship,1,NA
918,DEP:the-DT DEP:Andalusian-NP,the Andalusian,1,NA
919,NMOD:the-DT ROOT:link-NN,the link,1,NA
920,DEP:the-DT DEP:Social-NP,the Social,1,NA
921,NMOD:the-DT NMOD:case-NN,the case,4,NA
922,NMOD:the-DT COORD:ict-NN,the ict,1,NA
923,NMOD:the-DT COORD:geography-NN,the geography,1,NA
924,NMOD:the-DT ROOT:analysis-NN,the analysis,1,NA
925,NMOD:the-DT COORD:future-NN,the future,1,NA
926,NMOD:the-DT OBJ:case-NN,the case,1,NA
927,NMOD:the-DT DEP:effects-NN,the effects,1,NA
928,NMOD:the-DT NMOD:regional-JJ,the regional,2,NA
929,DEP:the-DT DEP:Industrial-NP,the Industrial,1,NA
930,NMOD:the-DT ADV:case-NN,the case,1,NA
931,NMOD:the-DT ROOT:German-JJ,the German,1,NA
932,NMOD:the-DT PMOD:evidence-NN,the evidence,1,NA
933,ROOT:and-CC ROOT:Growth-NP,and Growth,1,NA
934,NMOD:the-DT ROOT:measure-NN,the measure,1,NA
935,ROOT:the-DT DEP:Regional-NP,the Regional,1,NA
936,NMOD:the-DT COORD:case-NN,the case,1,NA
937,NMOD:the-DT ADV:role-NN,the role,1,NA
938,NMOD:the-DT NMOD:path-NN,the path,1,NA
939,NMOD:the-DT NMOD:evolution-NN,the evolution,1,NA
940,NMOD:the-DT ROOT:pitfall-NNS,the pitfall,1,NA
941,DEP:the-DT ROOT:Role-NP,the Role,1,NA
942,ROOT:the-DT ROOT:Regional-NP,the Regional,1,NA
943,NMOD:the-DT SBJ:Mexican-JJ,the Mexican,3,NA
944,DEP:the-DT ROOT:Royal-NP,the Royal,1,NA
945,NMOD:the-DT NMOD:poor-JJ,the poor,1,NA
